transaction_id,customer_id,category,item,price_per_unit,quantity,total_spent,original_total_spent,payment_method,location,transaction_date
TXN0001,CUST1022,Electronics,Bluetooth Speaker,10000.0,2.0,20000.0,20000.0,Card,Lagos,2026-01-29
TXN0002,CUST1008,Home,Pillow,15000.0,1.0,15000.0,15000.0,Cash,Uyo,2026-02-27
TXN0003,CUST1014,Home,Wall Clock,2500.0,2.0,5000.0,5000.0,Bank Transfer,Lagos,2026-05-22
TXN0004,CUST1011,Clothing,Hoodie,10000.0,1.0,10000.0,10000.0,Card,Lagos,2026-04-21
TXN0005,CUST1004,Food,Cooking Oil,7500.0,3.0,22500.0,22500.0,Unknown,Uyo,2026-04-10
TXN0006,CUST1004,Food,Bread,10000.0,1.0,10000.0,10000.0,Bank Transfer,Abuja,2026-05-20
TXN0008,CUST1015,Clothing,Sneakers,3500.0,2.0,7000.0,7000.0,Cash,Abuja,2026-03-15
TXN0009,CUST1023,Food,Cooking Oil,12500.0,3.0,37500.0,37500.0,Card,,2026-03-12
TXN0010,CUST1009,Electronics,Headphones,5000.0,2.0,10000.0,10000.0,Card,Abuja,2026-04-10
TXN0012,CUST1013,Food,Rice,7500.0,3.0,22500.0,22500.0,Card,Lagos,2026-05-10
TXN0014,CUST1017,Food,Beverage,15000.0,4.0,60000.0,60000.0,Bank Transfer,Lagos,2026-02-07
TXN0016,,Beauty,Soap,3500.0,4.0,14000.0,14000.0,Cash,Uyo,2026-05-02
TXN0017,CUST1025,Food,Beverage,2500.0,1.0,2500.0,2500.0,Bank Transfer,Uyo,2026-03-12
TXN0019,CUST1017,Food,Beverage,5000.0,1.0,5000.0,5000.0,Bank Transfer,Port Harcourt,2026-06-15
TXN0020,CUST1001,Home,Bedsheet,5000.0,3.0,15000.0,15000.0,Card,Uyo,2026-05-18
TXN0021,CUST1008,Home,Curtain,20000.0,1.0,20000.0,20000.0,Cash,Port Harcourt,2026-03-22
TXN0022,CUST1025,Electronics,USB Cable,3500.0,1.0,3500.0,3500.0,Bank Transfer,Abuja,2026-01-20
TXN0023,CUST1017,Home,Bedsheet,5000.0,5.0,25000.0,25000.0,Unknown,Lagos,2026-03-11
TXN0024,CUST1022,Home,Mug,7500.0,2.0,15000.0,15000.0,Bank Transfer,Port Harcourt,2026-04-15
TXN0025,CUST1011,Food,Cereal,20000.0,1.0,20000.0,20000.0,Card,Lagos,2026-01-19
TXN0026,CUST1002,Electronics,Headphones,7500.0,2.0,15000.0,15000.0,Cash,Uyo,2026-06-13
TXN0028,CUST1007,Beauty,Perfume,5000.0,5.0,25000.0,25000.0,Card,Abuja,2026-04-17
TXN0030,CUST1008,Electronics,Bluetooth Speaker,2500.0,4.0,10000.0,10000.0,Bank Transfer,Port Harcourt,2026-01-30
TXN0031,CUST1015,Clothing,Jeans,20000.0,1.0,20000.0,20000.0,Cash,,2026-03-15
TXN0032,CUST1001,Clothing,T-Shirt,20000.0,1.0,20000.0,20000.0,Cash,Lagos,2026-05-21
TXN0033,CUST1013,Electronics,USB Cable,5000.0,4.0,20000.0,20000.0,Cash,Abuja,2026-02-26
TXN0035,CUST1002,Beauty,Soap,20000.0,1.0,20000.0,20000.0,Card,Port Harcourt,2026-02-27
TXN0036,CUST1016,Home,Wall Clock,2500.0,3.0,7500.0,7500.0,Cash,Uyo,2026-06-01
TXN0037,CUST1003,Home,Wall Clock,5000.0,1.0,5000.0,5000.0,Card,Uyo,2026-02-19
TXN0039,CUST1017,Home,Pillow,3500.0,4.0,14000.0,14000.0,Bank Transfer,Uyo,2026-05-27
TXN0040,CUST1005,Food,Bread,7500.0,3.0,22500.0,22500.0,Card,Port Harcourt,2026-04-14
TXN0041,CUST1019,Food,Cereal,12500.0,1.0,12500.0,12500.0,Cash,Abuja,2026-11-06
TXN0042,CUST1008,Electronics,Bluetooth Speaker,7500.0,2.0,15000.0,15000.0,Card,Port Harcourt,2026-01-20
TXN0043,CUST1020,Food,Bread,5000.0,5.0,25000.0,25000.0,Card,Lagos,2026-03-21
TXN0044,CUST1004,Home,Pillow,10000.0,1.0,10000.0,10000.0,Card,Port Harcourt,2026-02-01
TXN0045,,Home,Bedsheet,10000.0,2.0,20000.0,20000.0,Card,Lagos,2026-03-31
TXN0046,CUST1014,Food,Beverage,20000.0,2.0,40000.0,40000.0,Cash,Uyo,2026-06-14
TXN0047,CUST1006,Food,Rice,2500.0,3.0,7500.0,7500.0,Card,Lagos,2026-03-11
TXN0048,CUST1018,Beauty,Soap,15000.0,1.0,15000.0,15000.0,Cash,Uyo,2026-02-10
TXN0049,CUST1012,Electronics,Wireless Mouse,5000.0,4.0,20000.0,20000.0,Card,Uyo,2026-03-22
TXN0050,CUST1025,Electronics,Wireless Mouse,7500.0,2.0,15000.0,15000.0,Bank Transfer,Uyo,2026-04-03
